Name,Image,Street,Address,City,County,State,Zip,Website,Phone,Email,Insurance,Medicaid,Medicare,Uninsured,Self-Pay,SlidingScale,Methadone,Suboxone,Residential,Outpatient,Detox,Alcohol,DUI,Family,Group,Individual,ParentsandChildren,Pregnant,Adolescent,TransitionalLiving,DualDiagnosis,Other,Hours,Medical,Referral,Additional,Reviewed
Addiction Recovery Care Association (ARCA),http://www.halfwayhouses.us/gallery/36_h1-resized-image-600x400.jpg,1931 Union Cross Road,,Winston Salem,Forsyth,NC,27107,http://www.arcanc.org ,877-615-2722,info@arcanc.org,Private Insurance,No Medicaid,No Medicare,Uninsured,Self-Pay,Sliding Scale,Methadone,Suboxone,Residential,No Outpatient,Detox,Alcohol Treatment,DUI,Family ,Group,Individual,Parents and Children,Pregnant,No Adolescents,No Transitional Living,Dual Diagnosis,,24/7,Medical,Not required,,10/22/2017
Alcohol and Drug Services Randolph County,http://www.adsyes.org/wp-content/uploads/2013/06/ads-asheboro.jpg,842 East Pritchard Street,,Asheboro,Randolph,NC,27203,http://www.adsyes.org,336-633-7257,counselor@adsyes.org,Private Insurance,Medicaid,Medicare,Uninsured,Self-Pay,Sliding Scale,Methadone,No Suboxone,No Residential,Outpatient,No Detox,Alcohol Treatment,DUI,Family,Group,Individual,No Parents and Children,Pregnant,No Adolescents,No Transitional Living,Dual Diagnosis,,MWF 12-3pm,Medical,Not required,,3/16/2018
Alcohol and Drug Services (ADS) Guilford County,http://www.elderfitpt.com/files/photos/guilford/20140703_082702.jpg,301 East Washington Street,Suite 101,Greensboro,Guilford,NC,27401,http://www.adsyes.org,336-333-6860,counselor@adsyes.org,Private Insurance,Medicaid,Medicare,Uninsured,Self-Pay,Sliding Scale,Methadone,No Suboxone ,No Residential,Outpatient,Detox,Alcohol Treatment,DUI,Family ,Group,Individual,No Parents and Children,Pregnant,No Adolescents,No Transitional Living,Dual Diagnosis,,M-F at 6:00am Sat & Sun at 6:30am Non-opioid walk-in on Tuesdays 9:00am-11:30am or call to make an appointment ,Doctors on site  ,Not required,,10/22/2017
Asha Bs Closet,http://www.hipaaspace.com/medical_billing/coding/npi/codes/npi_1942641683.png,315 South Long Drive,Suite C,Rockingham,Richmond,NC,28379,http://www.ashabscloset.com,910-434-8178,ashabscloset@ashabscloset.com,Private Insurance,Medicaid,Medicare,Uninsured,Self-Pay,Sliding Scale Unknown,Methadone Unknown,Suboxone Unknown,No Residential,Outpatient,Detox Unknown,Alcohol Treatment Unknown,DUI,Family,Group,Individual,No Parents and Children,Pregnant,Adolescents,Transitional Living Unknown,Dual Diagnosis,,M-F 8am-5pm,Unknown,Unknown,,3/16/2018
Bright Heart Health,https://www.brighthearthealth.com/wp-content/uploads/final-logo-bsmall.png,1150 Revolution Mill Drive,,Greensboro,Guilford,NC,27405,https://www.brighthearthealth.com/contact-us/opioid-treatment-in-north-carolina/,919-230-1232,jciampi@brighthearthealth.com,Private Insurance,Medicaid,Medicare,Uninsured,Self-Pay,Sliding Scale,Methadone,Suboxone,No Residential,Outpatient,Detox,Alcohol Treatment,DUI,Family,Group,Individual,No Parents and Children,Pregnant,No Adolescents,No Transitional Living,Dual Diagnosis,"Application: Complete new client form, complete informed consents, receive appointment. They are telemedicine so patiennts do not need to travel to appointments.","24/7 assistance, appointments 8am-9pm",Medical,Not required,Opiate Drug Detox Treatment Center,3/16/2018
Cardinal Innovations,http://www.charlotteobserver.com/news/local/i506e8/picture21375675/alternates/LANDSCAPE_1140/Cardinal%20building,550 S Caldwell Street,,Charlotte,Mecklenburg,NC,28202,https://www.cardinalinnovations.org/clinical-operations/contact-us,704-939-7700,UtilizationM@cardinalinnovations.org,Insurance Unknown,Medicaid Unknown,Medicare Unknown,Uninsured Unknown,Self-Pay Unknown,Sliding Scale Unknown,Methadone Unknown,Suboxone Unknown,Residential Unknown,Outpatient Unknown,Detox Unknown,Alcohol Treatment Unknown,DUI Unknown,Family Unknown,Group Unknown,Individual Unknown,Parents and Children Unknown,Pregnant Unknown,Adolescents Unknown,Transitional Living Unknown,Dual Diagnosis Unknown,,Unknown,Unknown,Unknown,"Does not provide services, only referrals to providers. ",3/16/2018
Cardinal Innovations Healthcare,http://www.wschronicle.com/wp-content/uploads/2017/12/Cardinal-680x365_c.jpg,4045 University Parkway,,Winston-Salem,Forsyth,NC,27106,https://www.cardinalinnovations.org/contact-us,336-714-9111,UtilizationM@cardinalinnovations.org,Insurance Unknown,Medicaid Unknown,Medicare Unknown,Uninsured Unknown,Self-Pay Unknown,Sliding Scale Unknown,Methadone Unknown,Suboxone Unknown,Residential Unknown,Outpatient Unknown,Detox Unknown,Alcohol Treatment Unknown,DUI Unknown,Family Unknown,Group Unknown,Individual Unknown,Parents and Children Unknown,Pregnant Unknown,Adolescents Unknown,Transitional Living Unknown,Dual Diagnosis Unknown,,Unknown,Unknown,Unknown,"Does not provide services, only referrals to providers. ",3/16/2018
Cardinal Innovations Healthcare,http://www.wschronicle.com/wp-content/uploads/2017/12/Cardinal-680x365_c.jpg,4855 Milestone Avenue,,Kannapolis,Cabarrus,NC,28081,https://www.cardinalinnovations.org/contact-us,704-939-7590,UtilizationM@cardinalinnovations.org,Insurance Unknown,Medicaid Unknown,Medicare Unknown,Uninsured Unknown,Self-Pay Unknown,Sliding Scale Unknown,Methadone Unknown,Suboxone Unknown,Residential Unknown,Outpatient Unknown,Detox Unknown,Alcohol Treatment Unknown,DUI Unknown,Family Unknown,Group Unknown,Individual Unknown,Parents and Children Unknown,Pregnant Unknown,Adolescents Unknown,Transitional Living Unknown,Dual Diagnosis Unknown,,Unknown,Unknown,Unknown,"Does not provide services, only referrals to providers. ",3/16/2018
Caring Services,https://s3-media3.fl.yelpcdn.com/bphoto/bEF5B7T_JJv0vJR_4HJ-uQ/l.jpg,102 Chestnut Drive,,High Point,Guilford,NC,27262,http://www.caringservices.org,336-886-5594,info@caringservices.org,Private Insurance,Medicaid,Medicare,Uninsured,Self-Pay,Sliding Scale,No Methadone,No Suboxone ,Residential,Outpatient,Detox,Alcohol Treatment,DUI,Family ,Group,Individual,No Parents and Children,No Pregnant,No Adolescents,Transitional Living,Dual Diagnosis,,M-F 9am,No ,Not required.  Eligibility screenings M-F,,10/22/2017
Carolina Behavioral Care,https://carolinabehavioralcare.com/wp-content/themes/carolina-behavioral-care/images/logo-image.png,209 Millstone Drive,Suite A,Hillsborough,Orange,NC,27278,https://carolinabehavioralcare.com/,919-245-5400,rmillet@carolinabehavioralcare.com,Private Insurance,Medicaid,Medicare,Uninsured,Self pay,Sliding Scale,No Methadone,No Suboxone ,No Residential,Outpatient,Detox,Alcohol Treatment,DUI Unknown,Family,Group,Individual,No Parents and Children,Pregnant Unknown,Adolescents,Transitional Living Unknown,Dual Diagnosis,,M-F 8am-5pm,Unknown,Unknown,,3/16/2018
Carolina Partners in Mental Healthcare,https://www.carolinapartners.com/wp-content/uploads/2017/03/Alderman-Clinic.jpg,21 Hillsboro Street,,Pittsboro,Chatham,NC,27312,https://www.carolinapartners.com/pittsboro/,919-929-9610,unavailable,Private Insurance,Medicaid,No Medicare,Uninsured,Self-Pay,Sliding Scale,No Methadone,Suboxone,No Residential,Outpatient,No Detox,Alcohol Treatment,DUI,Family ,Group,Individual,No Parents and Children,Pregnant,Adolescents,No Transitional Living,Dual Diagnosis,,Phone 8am-5pm,Medical,Not required,Behavioral Care,3/16/2018
Carrboro Police Dept,https://d3926qxcw0e1bh.cloudfront.net/pages_photos/e3/58/e3582e9bdac5ef34c6914b5b232c04da.JPG,100 N. Greensboro Street,,Carrboro,Orange,NC,27510,https://www.townofcarrboro.org/225/Police,919-918-7397,Police@townofcarrboro.org,Insurance Unknown,Medicaid Unknown,Medicare Unknown,Uninsured Unknown,Self-Pay Unknown,Sliding Scale Unknown,Methadone Unknown,Suboxone Unknown,Residential Unknown,Outpatient Unknown,Detox Unknown,Alcohol Treatment Unknown,DUI Unknown,Family Unknown,Group Unknown,Individual Unknown,Parents and Children Unknown,Pregnant Unknown,Adolescents Unknown,Transitional Living Unknown,Dual Diagnosis Unknown,,Unknown,Unknown,Unknown,Referrals Only,3/16/2018
Chaham County Health Department-Clinic,http://infocusstudios.com/wp-content/uploads/2015/04/chatham.png,1000 South Tenth Avenue,,Pittsboro,Chatham,NC,27312,http://www.chathamnc.org/services/health,919-742-5641,healthalliance@chathamnc.org,Insurance Unknown,Medicaid Unknown,Medicare Unknown,Uninsured Unknown,Self-Pay Unknown,Sliding Scale Unknown,Methadone Unknown,Suboxone Unknown,Residential Unknown,Outpatient Unknown,Detox Unknown,Alcohol Treatment Unknown,DUI Unknown,Family Unknown,Group Unknown,Individual Unknown,Parents and Children Unknown,Pregnant Unknown,Adolescents Unknown,Transitional Living Unknown,Dual Diagnosis Unknown,,M-F 8am-5pm,Unknown,Unknown,Does not provide treatment for substance abuse.,3/16/2018
Chapel Hill Police Dept,https://pbs.twimg.com/profile_images/378800000340480507/c2904fc25def87bd3373fcfb1dc55909_400x400.jpeg,828 Martin Luther King Blvd,,Chapel Hill,Orange,NC,27514,http://www.townofchapelhill.org/town-hall/departments-services/police,919-968-2760,policeinfo@townofchapelhill.org,Insurance Unknown,Medicaid Unknown,Medicare Unknown,Uninsured Unknown,Self-Pay Unknown,Sliding Scale Unknown,Methadone Unknown,Suboxone Unknown,Residential Unknown,Outpatient Unknown,Detox Unknown,Alcohol Treatment Unknown,DUI Unknown,Family Unknown,Group Unknown,Individual Unknown,Parents and Children Unknown,Pregnant Unknown,Adolescents Unknown,Transitional Living Unknown,Dual Diagnosis Unknown,,M-F 8:30-5pm,Unknown,Unknown,Referrals Only,3/16/2018
Chatham County Sheriff Office,https://d3926qxcw0e1bh.cloudfront.net/pages_avatar_photos/8f/d2/8fd288b89c67aef31ec4fe04b42aa25d.jpg,295 West Street,,Pittsboro,Chatham,NC,27312,http://www.chathamnc.org/government/departments-programs/sheriff-s-office,919-542-2811,unavailable,Insurance Unknown,Medicaid Unknown,Medicare Unknown,Uninsured Unknown,Self-Pay Unknown,Sliding Scale Unknown,Methadone Unknown,Suboxone Unknown,Residential Unknown,Outpatient Unknown,Detox Unknown,Alcohol Treatment Unknown,DUI Unknown,Family Unknown,Group Unknown,Individual Unknown,Parents and Children Unknown,Pregnant Unknown,Adolescents Unknown,Transitional Living Unknown,Dual Diagnosis Unknown,,M-F 8-5pm,Unknown,Unknown,Referrals Only,3/16/2018
Chatham Recovery,http://www.matsdirectory.com/gallery/29870_morse_clinic_of_hillsborough_27278_axd.JPG,1758 E. 11th Street,,Siler City,Chatham,NC,27344,http://www.morseclinics.com/locations/chatham-recovery,919-663-3303,achils@chathamrecovery.com,No Private Insurance,Medicaid,No Medicare,Uninsured,Self-Pay,No Sliding Scale,Methadone,Suboxone,No Residential,Outpatient,No Detox,No Alcohol Treatment,No DUI,Family,Group,Individual,No Parents and Children,Pregnant,Adolescents,No Transitional Living,Dual Diagnosis,,M-F 6am-11am Sat & Sun 7-9am ,No,Not Required,Medication management,3/16/2018
Crossroads Treatment Centers,https://www.opiate.com/wp-content/uploads/2706-250x129.png,2706 North Church Street,,Greensboro,Guilford,NC,27405,http://www.crossroadstreatmentcenters.com/opiate-treatment-centers/north-carolina/greensboro/ ,336-272-9990,unavailable,Private Insurance,Medicaid,No Medicare,Uninsured,Self-Pay,Sliding Scale Unknown,Methadone,Suboxone,No Residential,Outpatient,Detox,Alcohol Treatment Unknown,DUI Unknown,Family ,Group,Individual,No Parents and Children,Pregnant,No Adolescents,No Transitional Living,Dual Diagnosis Unknown,,"First visit walk-in by 5am, Tuesdays and Thursdays only, with picture ID and Medicaid card (if have one.) M-F 5:00am-10:00am; Sa 6:00am-9:00am; Su 6:00am-7:00am",Medical,Physician Appointments required,Counseling required every 2 weeks,10/22/2017
Daymark Recovery Services,http://www.alcoholtreatmentcentersnorthcarolina.com/wp-content/uploads/2016/08/Daymark-Recovery-Services.jpg,5209 W Wendover Avenue,,High Point,Guilford,NC,27265,http://www.daymarkrecovery.org,336-899-1550,unavailable,Private Insurance,Medicaid,Medicare,Uninsured,Self-Pay,Sliding Scale,No Methadone,No Suboxone ,Residential,Outpatient,No Detox,Alcohol Treatment,DUI,Family ,Group,Individual,No Parents and Children,Pregnant,No Adolescents,No Transitional Living,Dual Diagnosis,Mental Health,M-F 8am-8pm,Medical,Not Required,24 hr crisis hotline 866-275-9552,10/22/2017
Daymark Recovery Services-Archdale,http://www.alcoholtreatmentcentersnorthcarolina.com/wp-content/uploads/2016/08/Daymark-Recovery-Services.jpg,205 Balfour Drive,,Archdale,Randolph,NC,27263,http://www.daymarkrecovery.org,336-431-0700,unavailable,Private Insurance,Medicaid,Medicare,Uninsured,Self-Pay,Sliding Scale,No Methadone,No Suboxone ,No Residential,Outpatient,No Detox,No Alcohol Treatment,No DUI,Family ,Group,Individual,No Parents and Children,No Pregnant,No Adolescents,No Transitional Living,No Dual Diagnosis,,M-F 8am-5pm,No,Not Required,Focuses on mental health,3/16/2018
Daymark Recovery Services- Richmond County,http://www.alltreatment.com/images/facility-thumbs/xDaymarkRecoveryServices.png.pagespeed.ic.xrpOxjbI8o.png,116 South Lawrence Street,,Rockingham,Richmond,NC,28379,http://www.daymarkrecovery.org,910-895-2462,unavailable,Private Insurance,Medicaid,Medicare,Uninsured,Self-Pay,Sliding Scale,No Methadone,No Suboxone ,No Residential,Outpatient,No Detox,No Alcohol Treatment,DUI,Family ,Group,Individual,No Parents and Children,Pregnant,Adolescents,No Transitional Living,Dual Diagnosis,,M-F 8am-5pm,Medical,Referral from psychiatrist required,,3/16/2018
Daymark Recovery Services- Montgomery Center,http://www.alltreatment.com/images/facility-thumbs/xDaymarkRecoveryServices.png.pagespeed.ic.xrpOxjbI8o.png,227 North Main Street,Suite A,Troy,Montgomery,NC,27371,http://www.daymarkrecovery.org,910-572-3681,unavailable,Private Insurance,Medicaid,Medicare,Uninsured,Self-Pay,Sliding Scale,No Methadone,No Suboxone ,No Residential,Outpatient,No Detox,No Alcohol Treatment,DUI,Family,Group,Individual,No Parents and Children,Pregnant,Adolescents,No Transitional Living,Dual Diagnosis,,M-F 8am-5pm,Medical,Not Required,,3/16/2018
Deal With It Professional Counseling,,235 North Main Street,,Candor,Montgomery,NC,27229,https://intervention.com/listings/deal-with-it-professional-counseling/,910-624-6262,unavailable,Private Insurance,Medicaid,No Medicare,Uninsured,Self-Pay,Sliding Scale,No Methadone,No Suboxone,No Residential,Outpatient,No Detox,Alcohol Treatment,DUI Unknown,Family,Group,Individual,Parents and Children,Pregnant,Adolescents,No Transitional Living,Dual Diagram,"Only Counseling Services Provided, No Medical",Unknown,No,Not Required,Tricare Accepted,3/16/2018
"Deb Young, LCAS",,515 College Rd,,Greensboro,Guilford,NC,27410,https://www.healthgrades.com/providers/deborah-young-2yk2g,336-299-2725,unavailable,Insurance Unknown,Medicaid Unknown,Medicare Unknown,Uninsured Unknown,Self-Pay Unknown,Sliding Scale Unknown,Methadone Unknown,Suboxone Unknown,Residential Unknown,Outpatient Unknown,Detox Unknown,Alcohol Treatment Unknown,DUI Unknown,Family Unknown,Group Unknown,Individual Unknown,Parents and Children Unknown,Pregnant Unknown,Adolescents Unknown,Transitional Living Unknown,Dual Diagnosis Unknown,,Unknown,Unknown,Unknown,,3/16/2018
Dove's Nest,http://www.bbm-arch.com/wp-content/uploads/2012/09/41.jpg,2855 West Blvd,,Charlotte ,Mecklenburg,NC,28208,http://charlotterescuemission.org/recovery-programs/doves-nest/,704-333-4673,unavailable,Insurance Unknown,Medicaid Unknown,Medicare Unknown,Uninsured Unknown,Self-Pay Unknown,Sliding Scale Unknown,Methadone Unknown,Suboxone Unknown,Residential Unknown,Outpatient Unknown,Detox Unknown,Alcohol Treatment Unknown,DUI Unknown,Family Unknown,Group Unknown,Individual Unknown,Parents and Children Unknown,Pregnant,Adolescents Unknown,Transitional Living Unknown,Dual Diagnosis Unknown,,Unknown,Unknown,"Must be a NC resident, at least 14 weeks pregnant, with no severe psychiatric history",,3/16/2018
"Elizabeth Atkinson, LPC",,1201 Battleground Ave ,Suite 104,Greensboro,Guilford,NC,27408,https://www.healthgrades.com/providers/elizabeth-atkinson-xvxh9,336-669-0146,unavailable,Insurance Unknown,Medicaid Unknown,Medicare Unknown,Uninsured Unknown,Self-Pay Unknown,Sliding Scale Unknown,Methadone Unknown,Suboxone Unknown,Residential Unknown,Outpatient Unknown,Detox Unknown,Alcohol Treatment Unknown,DUI Unknown,Family Unknown,Group Unknown,Individual Unknown,Parents and Children Unknown,Pregnant Unknown,Adolescents Unknown,Transitional Living Unknown,Dual Diagnosis Unknown,,Unknown,Unknown,Unknown,,3/16/2018
Evans Blount Total Access Care,http://evansblounttac.com/wp-content/uploads/2017/08/just-hands-with-name-1.png,2031 Martin Luther King Jr. Drive,,Greensboro,Guilford,NC,27406,http://www.evansblounttac.com/,336-271-5888,mjohnson@evansblounttac.com,Private Insurance,Medicaid,Medicare Unknown,Uninsured Unknown,Self-Pay,Sliding Scale Unknown,Methadone,Suboxone,Residential,Outpatient,Detox Unknown,Alcohol Treatment Unknown,DUI,Family ,Group,Individual,Parents and Children,Pregnant,Adolescents,Transitional Living Unknown,Dual Diagnosis Unknown,Whole person Care Mental Health Day Care,Unknown,Unknown,Unknown,Mental Health Counseling Available  Cognitive Processing Therapy (PTSD),10/22/2017
Fellowship Hall,https://i.pinimg.com/originals/d6/b2/3c/d6b23c3f66ba1b21489d0277208aac1d.jpg,5140 Dunstan Road,,Greensboro,Guilford,NC,27405,http://www.fellowshiphall.com,800-659-3381,infofellowship@fellowshiphall.org,Private Insurance,No Medicaid,No Medicare,Uninsured,Self-Pay,No Sliding Scale,No Methadone,No Suboxone ,Residential,Outpatient,Detox,Alcohol Treatment,DUI Unknown,Family,Group,Individual,No Parents and Children,No Pregnant,No Adolescents,Transitional Living,No Dual Diagnosis,,24/7,Medical,Not required,Only accepts private insurance,10/22/2017
Freedom House Recovery Center,http://www.drugtreatmentcentersnorthcarolina.com/wp-content/uploads/2016/08/Freedom-House-Recovery-Center.png,104 New Stateside Drive,,Chapel Hill,Orange,NC,27516,http://www.freedomhouserecovery.org ,919-967-8844,admin@fhrecovery.org,Private Insurance,Medicaid,Medicare,Uninsured,Self-Pay,Sliding Scale,Methadone,Suboxone,No Residential,Outpatient,Detox,Alcohol Treatment,DUI,Family ,Group,Individual,Parents and Children,Pregnant,Adolescents,Transitional Living,Dual Diagnosis,Services for deaf and hard of hearing ,M- Sat 7am-7pm,Medical,Not required,,10/22/2017
Freedom House Recovery Center,https://rehabreviews.com/wp-content/uploads/2016/01/Freedom-House-Recovery-Center-e1453930075183.jpg,106 New Stateside Drive,,Chapel Hill,Orange,NC,27516,http://freedomhouserecovery.org/,919-942-2803,admin@fhrecovery.org,Private Insurance,Medicaid,Medicare,Uninsured,Self-Pay,Sliding Scale,No Methadone,No Suboxone ,Residential,Outpatient,No Detox,No Alcohol Treatment,No DUI,Family ,Group,Individual,No Parents and Children,No Pregnant,Adolescents,Transitional Living,Dual Diagnosis,Males only treatment center,M- Sat 7am-7pm,Medical,Not required,,3/16/2018
Freedom House Recovery Center (Facility Based Crisis and Detox Center),https://rehabreviews.com/wp-content/uploads/2016/01/Freedom-House-Recovery-Center-e1453930075183.jpg,110 New Stateside Drive,,Chapel Hill,Orange,NC,27516,http://freedomhouserecovery.org/,919-942-2803 x217,admin@fhrecovery.org,Private Insurance,Medicaid,Medicare,Uninsured,Self-Pay,Sliding Scale,No Methadone,Suboxone,Residential ,No Outpatient,Detox,Alcohol Treatment,DUI,Family,Group,Individual,No Parents and Children,No Pregnant,Adolescents,Transitional Living,Dual Diagnosis,,24/7,Medical,Not required,"FBCS and Outpatient Clinics are walk-in.  An assessment is done which will dictate the appropriate level of care.  There may be a waiting list for half-way house placement, but candidates are screened and if appropriate placed on the waiting list.",3/16/2018
Freedom House Recovery Center (Chapel Hill Outpatient Clinic),https://rehabreviews.com/wp-content/uploads/2016/01/Freedom-House-Recovery-Center-e1453930075183.jpg,118 New Stateside Drive,,Chapel Hill,Orange,NC,27516,http://freedomhouserecovery.org/,919-942-2803,admin@fhrecovery.org,Private Insurance,Medicaid,Medicare,Uninsured,Self-Pay,Sliding Scale,Methadone,Suboxone,No Residential,Outpatient,Detox,Alcohol Treatment,DUI,Family,Group,Individual,No Parents and Children,Pregnant,No Adolescents,Transitional Living,Dual Diagnosis,,8:30am-5pm,"No, referred to local hospital",Not required,,3/16/2018
Freedom House Recovery Center- Womens Halfway House,https://rehabreviews.com/wp-content/uploads/2016/01/Freedom-House-Recovery-Center-e1453930075183.jpg,114 New Stateside Drive,,Chapel Hill,Orange,NC,27516,http://freedomhouserecovery.org/,919-942-2803 x213,Mary.o@fhrecovery.org,Private Insurance,Medicaid,Medicare,Uninsured,Self-Pay,Sliding Scale,No Methadone,No Suboxone ,Residential ,No Outpatient,No Detox,No Alcohol Treatment,DUI,No Family,Group,Individual,No Parents and Children,No Pregnant,Adolescents,Transitional Living,Dual Diagnosis,,M- Sat 7am-7pm,Medical,Not required,Females only treatment center,3/16/2018
Guilford County DHHS,http://www.myguilford.com/wp-content/uploads/2017/01/DHHS_logo_transp_color.png,1203 Maple Street ,,Greensboro,Guilford,NC,27405,http://www.myguilford.com/humanservices/,336-641-3447,mgreen@myguilford.com,Insurance Unknown,Medicaid Unknown,Medicare Unknown,Uninsured Unknown,Self-Pay Unknown,Sliding Scale Unknown,Methadone Unknown,Suboxone Unknown,Residential Unknown,Outpatient Unknown,Detox Unknown,Alcohol Treatment Unknown,DUI Unknown,Family Unknown,Group Unknown,Individual Unknown,Parents and Children Unknown,Pregnant Unknown,Adolescents Unknown,Transitional Living Unknown,Dual Diagnosis Unknown,,M-F 8am-5pm,Unknown,Unknown,Does not provide treatment for substance abuse.,3/16/2018
High Point Behavioral Health,https://cdn.practicelink.com/content/clientimages/9288/130327_HPR_SignReveal_Web.jpg,601 North Elm Street,,High Point,Guilford,NC,27261,https://www.highpointregional.com/our_services/behavioral_health.aspx,800-525-9375,unavailable,Private Insurance,Medicaid,Medicare,Uninsured,Self-Pay,Sliding Scale Unknown,Methadone Unknown,Suboxone Unknown,Residential,Outpatient,Detox,Alcohol Treatment Unknown,DUI Unknown,Family Unknown,Group,Individual,Parents and Children Unknown,Pregnant,Adolescents,Transitional Living Unknown,Dual Diagnosis,,24/7,Unknown,Unknown,Confidential assessment 24/7 Need to be medically cleared first Need to bring all medications with you,3/16/2018
Hillsborough Police Dept,http://policeexecutive.net/wp-content/uploads/2010/09/hillsborough.jpg,127 N. Churton Street,,Hillsborough,Orange,NC,27278,https://www.hillsboroughnc.gov/government/departments-and-divisions/police/,919-732-9381,unavailable,Insurance Unknown,Medicaid Unknown,Medicare Unknown,Uninsured Unknown,Self-Pay Unknown,Sliding Scale Unknown,Methadone Unknown,Suboxone Unknown,Residential Unknown,Outpatient Unknown,Detox Unknown,Alcohol Treatment Unknown,DUI Unknown,Family Unknown,Group Unknown,Individual Unknown,Parents and Children Unknown,Pregnant Unknown,Adolescents Unknown,Transitional Living Unknown,Dual Diagnosis Unknown,,Unknown,Unknown,Unknown,"No treatment, only referral",3/16/2018
Holly Hill Hospital Adult Campus,https://www.bbb.org/ProfileImages/fc44c420-bdac-49c3-ad54-d3a14ca04dd8.jpeg,3019 Falstaff Rd ,,Raleigh,Wake,NC,27610,https://hollyhillhospital.com/,919-250-7000,unavailable,Private Insurance,Medicaid,Medicare,Uninsured,Self-Pay,Sliding Scale,No Methadone,No Suboxone,No Residential,Outpatient,Detox,Alcohol Treatment,DUI,Family,Group,Individual,Parents and Children,Pregnant,Adolescents,No Transitional Living,Dual Diagnosis,Walk ins welcome,24/7,Medical,Not required,,3/16/2018
Holly Hill Hospital Children's Campus,https://detoxtorehab.com/wp-content/uploads/2015/10/HH1.jpg,201 Michael J Smith Ln,,Raleigh,Wake,NC,27610,https://hollyhillhospital.com/,919-250-7600,unavailable,Private Insurance,Medicaid,Medicare,Uninsured,Self-Pay,Sliding Scale,No Methadone,No Suboxone,No Residential,Outpatient,No Detox,No Alcohol Treatment,No DUI,Family,Group,Individual,No Parents and Children,Pregnant,Adolescents,No Transitional Living,Dual Diagnosis,Walk ins welcome,24/7,Medical,Not required,,3/16/2018
Horizons,http://www.med.unc.edu/obgyn/Patient_Care/unc-horizons-program/images/2017_horizonsbanner_2.png,1105 W. NC Hwy 54 Bypass,,Carrboro,Orange,NC,27510,http://www.unchorizons.org/,800-862-4050,unavailable,Private Insurance,Medicaid,No Medicare,No Uninsured,No Self-Pay,No Sliding Scale,No Methadone,Suboxone,Residential,Outpatient,No Detox,Alcohol Treatment,No DUI,Family,Group,Individual,No Parents and Children,Pregnant ,No Adolescents,No Transitional Living,Dual Diagnosis,,24/7,Medical,Required,MH & substance abuse treatment,3/16/2018
Hospice: Overdose Loss Support Group,https://www.hospicegso.org/wp-content/uploads/2016/11/HPCG-Logo-Vertical-Color.png,2500 Summit Ave,,Greensboro,Guilford,NC,27405,http://www.hospicegso.org ,336-621-5565,unavailable,Private Insurance,Medicaid,Medicare,Uninsured,Self-Pay,Sliding Scale,No Methadone,No Suboxone,No Residential,No Outpatient,No Detox,No Alcohol Treatment,No DUI,No Family,No Group,Individual,No Parents and Children,No Pregnant,Adolescents,No Transitional Living,No Dual Diagnosis,Appointment Rquired,24/7,No,Required,Only support for elderly patients and their families,3/16/2018
Insight Human Services,http://insightnc.org/wp-content/uploads/2015/03/insight.jpg,665 West Fourth Street,,Winston Salem,Forsyth,NC,27101,http://www.insightnc.org,336-725-8389,help@insightnc.org,Private Insurance,Medicaid,Medicare Unknown,Uninsured,Self-Pay,Sliding Scale,Methadone,Suboxone,Residential,Outpatient,Detox,Alcohol Treatment,DUI Unknown,Family ,Group,Individual,Parents and Children Unknown,Pregnant,Adolescents,No Transitional Living,Dual Diagnosis,,Unknown,Unknown,Unknown,,10/22/2017
Journey Counseling and Consulting,,617 North Main Street,,Troy,Montgomery,NC,27371,http://www.journeycounselingnc.com/,910-572-2225,unavailable,Private Insurance,Medicaid,Medicare,Uninsured,Self-Pay,Sliding Scale Unknown,Methadone Unknown,Suboxone Unknown,No Residential,Outpatient,Detox Unknown,Alcohol Treatment Unknown,DUI Unknown,Family ,Group Unknown,Individual,No Parents and Children,Pregnant Unknown,Adolescents,Transitional Living Unknown,Dual Diagnosis Unknown,,M-F 9-5,Unknown,Unknown,Tricare accepted,3/16/2018
"Katherine Glenn, PhD",https://nebula.wsimg.com/c6928a5f32e03d93429cdc1857fa922d?AccessKeyId=C8A5A8E4090E5881EAC4&disposition=0&alloworigin=1,806 Green Valley Road,Suite 301,Greensboro,Guilford,NC,27410,https://www.triadcounseling.net/katherine-glenn.html,336-272-8090,unavailable,Private Insurance,Medicaid,No Medicare,Uninsured,Self-Pay,No Sliding Scale,No Methadone,No Suboxone,No Residential,No Outpatient,No Detox,Alcohol Treatment,DUI,No Family,No Group,Individual,No Parents and Children,Pregnant,Adolescents,No Transitional Living,No Dual Diagnosis,Appointment only,8am-6am,No,Not requires,Addiction Counseling ,3/16/2018
Legacy Freedom Treatment Centers,https://cdn0.sussexdirectories.com/rms/rms_photos/sized/48/01/300148-694372-1_1500x1500.jpg,445 Dolley Madison Road,,Greensboro,Guilford,NC,27410,http://www.legacyfreedom.com,336-897-0896,unavailable,Private Insurance,No Medicaid,No Medicare,Uninsured Unknown,Self-Pay,Sliding Scale Unknown,No Methadone,Suboxone,No Residential,Outpatient,Detox Unknown,Alcohol Treatment,DUI,Family ,Group,Individual,Parents and Children Unknown,Pregnant,Adolescents,Transitional Living,Dual Diagnosis Unknown,Mental Health,Unknown,Unknown,Unknown,,10/22/2017
Life Changes Counseling,http://img.addicted.org/os/directory/companies/lifechanges.jpg,123 East Elm Street,,Graham,Alamance,NC,27253,http://www.lifechangeseap.com,336-228-7600,unavailable,Insurance Unknown,Medicaid Unknown,Medicare Unknown,Uninsured Unknown,Self-Pay,Sliding Scale Unknown,Methadone Unknown,Suboxone Unknown,No Residential,Outpatient,Detox Unknown,Alcohol Treatment Unknown,DUI,Family Unknown,Group,Individual Unknown,No Parents and Children,Pregnant Unknown,Adolescents,Transitional Living Unknown,Dual Diagnosis Unknown,,Unknown,Unknown,Unknown,,3/16/2018
Marc Todd Lewis LCSW PLLC,,111- D Davis Street,,Asheboro,Randolph,NC,27203,https://intervention.com/listings/marc-todd-lewis-lcsw-pllc/,336-681-8048,info@marclewiscounseling.com,Private Insurance,Medicaid,Medicare,Uninsured,Self-Pay,Sliding Scale,No Methadone,No Suboxone ,No Residential,Outpatient,No Detox,Alcohol Treatment,No DUI,Family,Group,Individual,No Parents and Children,Pregnant,Adolescents,No Transitional Living,Dual Diagnosis,,M-F 9am-5pm,No,Not required,Marital Counseling Offered,3/16/2018
Mary’s House,http://maryshousegso.org/wp-content/uploads/2016/09/pic4.png,520 Guilford Avenue,,Greensboro,Guilford,NC,27401,http://www.maryshousegso.org ,336-275-0820,maryshousegso@aol.com,Insurance Unknown,Medicaid Unknown,Medicare Unknown,Uninsured,Self-Pay Unknown,Sliding Scale Unknown,No Methadone,No Suboxone ,Residential,Outpatient Unknown,Detox Unknown,Alcohol Treatment Unknown,DUI Unknown,Family,Group,Individual,Parents and Children Unknown,Pregnant,No Adolescents,Transitional Living,Dual Diagnosis Unknown,,Unknown,Unknown,Unknown,"Homeless, Substance Abuse housing for women under the age of 10; Offers nutrition, parenting, financial classes  ",3/16/2018
McLeod Center,http://mcleodcenter.com/wp-content/uploads/2013/05/h2.jpg,515 Clanton Road,,Charlotte,Mecklenburg,NC,28217,http://www.mcleodcenter.com,855-824-9458,unavailable,Private Insurance,Medicaid,No Medicare,Uninsured,Self-Pay,Sliding Scale Unknown,Methadone Unknown,Suboxone Unknown,Residential,Outpatient,Detox,Alcohol Treatment,DUI,Family ,Group,Individual,Parents and Children,Pregnant,Adolescents,Transitional Living,Dual Diagnosis Unknown,,M-F 8:30am-3pm,Medical,Unknown,,10/22/2017
Mother-to-Baby NC: Medications and More during Pregnancy and Breastfeeding,https://genetics.medicine.iu.edu/files/5213/6318/3877/MotherToBaby_logo_CMYK.jpg,2001 Mail Service Center,,Raleigh,Wake,NC,27699,https://mothertobaby.org ,800-532-6302,ContactUs@mothertobaby.org,Insurance Unknown,Medicaid Unknown,Medicare Unknown,Uninsured Unknown,Self-Pay Unknown,Sliding Scale Unknown,Methadone Unknown,Suboxone Unknown,Residential Unknown,Outpatient Unknown,Detox Unknown,Alcohol Treatment Unknown,DUI Unknown,Family Unknown,Group Unknown,Individual Unknown,Parents and Children Unknown,Pregnant Unknown,Adolescents Unknown,Transitional Living Unknown,Dual Diagnosis Unknown,Not a treatment Center (Research Center),Unknown,Unknown,Unknown,"Evidence-based information to mothers, health care professionals, and the general public. Information on medications and other exposures during pregnancy and while breastfeeding. Homeless, Sinlge Women during pregnancy and after birth",3/16/2018
"NC DHHS-Mental Health, Developmental Disabilities and Substance Abuse Services",https://i2.wp.com/addictionmedicineconference.org/wp-content/uploads/2018/01/NCDHHS-seal.png,2001 Mail Service Center,,Raleigh,Wake,NC,27699,http://www.ncdhhs.gov/assistance/mental-health-substance-abuse/substance-abuse,919-855-4800,unavailable,Insurance Unknown,Medicaid Unknown,Medicare Unknown,Uninsured Unknown,Self-Pay Unknown,Sliding Scale Unknown,Methadone Unknown,Suboxone Unknown,Residential Unknown,Outpatient Unknown,Detox Unknown,Alcohol Treatment Unknown,DUI Unknown,Family Unknown,Group Unknown,Individual Unknown,Parents and Children Unknown,Pregnant Unknown,Adolescents Unknown,Transitional Living Unknown,Dual Diagnosis Unknown,,Unknown,Unknown,Unknown,"Does not provide Treatment, Offers referral to treatment programs",3/16/2018
NC Medical Board,https://www.ncmedboard.org/images/site_images/logo@2x.png,1203 Front Street ,,Raleigh,Wake,NC,27609,https://www.ncmedboard.org/,919-326-1100,unavailable,Insurance Unknown,Medicaid Unknown,Medicare Unknown,Uninsured Unknown,Self-Pay Unknown,Sliding Scale Unknown,Methadone Unknown,Suboxone Unknown,Residential Unknown,Outpatient Unknown,Detox Unknown,Alcohol Treatment Unknown,DUI Unknown,Family Unknown,Group Unknown,Individual Unknown,Parents and Children Unknown,Pregnant Unknown,Adolescents Unknown,Transitional Living Unknown,Dual Diagnosis Unknown,,M-F 8am - 5pm,Unknown,Unknown,Does not provide treatment,3/16/2018
New Season Greensboro Treatment Center,https://www.treatmenthub365.com/cms/wp-content/uploads/2017/04/newseason.png,207 S Westgate Drive,Suites G-J,Greensboro,Guilford,NC,27407,https://newseason.com/clinics/greensboro-treatment-center/,877-284-7074,unavailable,Insurance Unknown,Medicaid Unknown,Medicare Unknown,Uninsured Unknown,Self-Pay,Sliding Scale Unknown,Methadone,Suboxone,Residential Unknown,Outpatient,Detox,Alcohol Treatment Unknown,DUI Unknown,Family,Group,Individual,Parents and Children Unknown,Pregnant Unknown,Adolescents Unknown,Transitional Living Unknown,Dual Diagnosis Unknown,,Unknown,Unknown,Unknown,"Walk-in 5:30am-1:30pm for screening and assessment.  Bring photo ID, must have opiates in system and at least one year of usage prior to admittance to program",3/16/2018
"New Vision Therapy, PLLC",https://static.wixstatic.com/media/c56494_b26b713f5e9a4b31a552c96c5724ed35~mv2.jpg,232 Gilmer Street,,Reidsville,Rockingham,NC,27403,http://business.reidsvillechamber.org/list/member/new-vision-therapy-pllc-1891,336-308-0822,unavailable,Insurance Unknown,Medicaid,No Medicare,No Uninsured,No Self-Pay,No Sliding Scale,No Methadone,Suboxone,No Residential,No Outpatient,No Detox,Alcohol Treatment Unknown,DUI Unknown,Family ,Group,Individual,No Parents and Children,Pregnant,Adolescents,Transitional Living Unknown,Dual Diagnosis,,Unknown,Unknown,Unknown,Appointment within 24-72 hours ,3/16/2018
North Carolina Harm Reduction Coalition Urban Survivors Union,https://i.vimeocdn.com/portrait/1894113_640x640,2416 Hillsborough Street,A,Raleigh,Wake,NC,27607,http://www.nchrc.org/,336-543-8050,robert.bb.childs@gmail.com,No Private Insurance,No Medicaid,No Medicare,No Uninsured,No Self-Pay,No Sliding Scale,No Methadone,No Suboxone,No Residential,Outpatient,No Detox,No Alcohol Treatment,DUI,No Family,No Group,Individual,No Parents and Children,No Pregnant,No Adolescents,No Transitional Living,Dual Diagnosis,Refferals for treatment,MTF 2pm-7pm; Sunday 4pm-5:30pm,"Hepatitis C education, Testing, and Treatment ?",Not required,Syringe Exchange Program,3/16/2018
Old Vineyard,https://media.bizj.us/view/img/5415571/old-vineyard*1200xx360-203-0-8.jpg,3637 Old Vineyard Road,,Winston Salem,Forsyth,NC,27104,http://www.oldvineyardbhs.com,336-794-3550,unavailable,Private Insurance,Medicaid,Medicare,No Uninsured,Self-Pay,No Sliding Scale,No Methadone,Suboxone,No Residential,Outpatient,Detox,Alcohol Treatment,DUI,Family,Group,Individual,No Parents and Children,Pregnant,Adolescents,No Transitional Living,Dual Diagnosis,,24/7,Medical,Required,,10/22/2017
Orange County Health Department,http://www.orangecountync.gov/logo_with_tagline.png,200 S. Cameron Street,,Hillsborough,Orange,NC,27278,http://www.orangecountync.gov/news_detail_T4_R271.php,919-732-8181,qstewart@orangecountync.gov,Insurance Unknown,Medicaid Unknown,Medicare Unknown,Uninsured Unknown,Self-Pay Unknown,Sliding Scale Unknown,Methadone Unknown,Suboxone Unknown,Residential Unknown,Outpatient Unknown,Detox Unknown,Alcohol Treatment Unknown,DUI Unknown,Family Unknown,Group Unknown,Individual Unknown,Parents and Children Unknown,Pregnant Unknown,Adolescents Unknown,Transitional Living Unknown,Dual Diagnosis Unknown,,Unknown,Unknown,Unknown,Naloxone Access Program/Treatment Services not provided through department,3/16/2018
Orange County Sheriff's Office,http://hillsborough-nc.thedealpages.com/img/companies/10/103/1032/10322/103228.jpg,106 E. Margaret Lane,,Hillsborough,Orange,NC,27278,http://www.ocsonc.com/,919-245-2900,bwilkerson@orangecountync.gov,Insurance Unknown,Medicaid Unknown,Medicare Unknown,Uninsured Unknown,Self-Pay Unknown,Sliding Scale Unknown,Methadone Unknown,Suboxone Unknown,Residential Unknown,Outpatient Unknown,Detox Unknown,Alcohol Treatment Unknown,DUI Unknown,Family Unknown,Group Unknown,Individual Unknown,Parents and Children Unknown,Pregnant Unknown,Adolescents Unknown,Transitional Living Unknown,Dual Diagnosis Unknown,,Unknown,Unknown,Unknown,Orange County Drop Boxes,3/16/2018
Path of Hope,http://apathofhope.homestead.com/files/QuickSiteImages/POH_Logo.jpg,1675 East Center Street,,Lexington,Davidson,NC,27292,http://www.apathofhope.org,336-248-8914,pathofhope@pathofhope.org,Private Insurance,Medicaid,Medicare,Uninsured Unknown,Self-Pay,Sliding Scale Unknown,Methadone Unknown,Suboxone Unknown,Residential,No Outpatient,No Detox,Alcohol Treatment,DUI Unknown,Family ,Group,Individual,Parents and Children,No Pregnant,No Adolescents,Transitional Living,Dual Diagnosis Unknown,,M-F 8am-5pm ,Unknown,Unknown,Abstinence based ,10/22/2017
Pavillion- Mill Springs,http://www.pavillon.org/myimages/about-header-941x317.jpg,241 Pavillion Place,,Mill Spring,Polk,NC,28756,http://www.pavillion.org,828-694-2300,joyh@pavillon.org,Private Insurance,Medicaid,No Medicare,Uninsured Unknown,Self-Pay,No Sliding Scale,No Methadone,No Suboxone ,Residential,Outpatient,Detox,Alcohol Treatment,DUI,Family ,Group,Individual,Parents and Children,No Pregnant,No Adolescents,Transitional Living,Dual Diagnosis,Mental Health,24/7 ,Medical,Not required,"Visit website, pavilion.org Live chat",10/22/2017
Port Health Services,http://www.rehabcosts.org/gallery/6265_port_human_services_fbc_facility_based_crisis_27910_uan.gif,2602 Courtier Dr,,Greenville,Pitt,NC,27834,https://www.porthealth.org/,252-830-7540,info@porthealth.com,Private Insurance,Medicaid,Medicare,Uninsured,Self-Pay,Sliding Scale,Methadone,Suboxone,Residential,Outpatient,Detox,Alcohol Treatment,No DUI,Family,Group,Individual,Parents and Children,Pregnant,Adolescents,No Transitional Living,Dual Diagnosis,,Outpatient: M-F 8am-6pm; Residential 24/7,Medical,Not required,All patients receive a comprehensive assessment ,3/16/2018
Presbyterian Counseling Center,http://www.presbyteriancounseling.org/userfiles/1668074/image/PCC%20LOGO.png,3713 Richfield Road,,Greensboro,Guilford,NC,27410,http://www.presbyteriancounseling.org,336-288-1484,jsweet.pcc@gmail.com,Private Insurance,No Medicaid,Medicare,Uninsured,Self-Pay,Sliding Scale,No Methadone,Suboxone,No Residential ,Outpatient,No Detox,No Alcohol Treatment,No DUI,Family ,No Group,Individual,Parents and Children,Pregnant,Adolescents,No Transitional Living,Dual Diagnosis,Addiction Counseling,M-Th 9-5; F 9-12,Medical,Call for assessment ,Call 336-288-1484 x100,10/22/2017
Prevention Partnership for Community Care,http://www.p4communitycare.org/,1050 Revolution Mill Dr,#4,Greensboro,Guilford,NC,27405,http://www.p4communitycare.org/,336-235-0930,unavailable,Insurance Unknown,Medicaid Unknown,Medicare Unknown,Uninsured Unknown,Self-Pay Unknown,Sliding Scale Unknown,Methadone Unknown,Suboxone Unknown,Residential Unknown,Outpatient Unknown,Detox Unknown,Alcohol Treatment Unknown,DUI Unknown,Family Unknown,Group Unknown,Individual Unknown,Parents and Children Unknown,Pregnant Unknown,Adolescents Unknown,Transitional Living Unknown,Dual Diagnosis Unknown,,Unknown,Unknown,Unknown,"Refers patients to providers, does not provide treatment directly ",3/16/2018
Psychotherapeutic Services,https://www.psychotherapeuticservices.com/images/logotop.png,2260 South Church Street,Suite 303,Burlington,Alamance,NC,27215,https://www.psychotherapeuticservices.com/index.php/programs/nc/actt,336-538-6990,ncactt@ps-corp.net,Private Insurance,Medicaid,No medicare,Uninsured,Self-Pay,No Sliding Scale,Methadone Unknown,Suboxone Unknown,No Residential,Outpatient,Detox Unknown,Alcohol Treatment Unknown,DUI Unknown,Family Unknown,Group,Individual,No Parents and Children,Pregnant,No Adolescents,Transitional Living Unknown,Dual Diagnosis,,M-F 8am-4pm,Unknown,Unknown,,3/16/2018
R.J. Blackley Alcohol and Drug Abuse Treatment Center,https://files.nc.gov/ncdhhs/styles/main-image/public/RJB.jpg,100 H Street,,Butner,Granville,NC,27509,http://www.ncdhhs.gov/divisions/dsohf/rj-blackley-alcohol-and-drug-abuse-treatment-center ,919-575-7928,unavailable,Private Insurance,Medicaid,Medicare,Uninsured,Self-Pay,Sliding Scale,No Methadone,No Suboxone ,Residential,No Outpatient,Detox,Alcohol Treatment,DUI,Family ,Group,Individual,No Parents and Children,Pregnant,No Adolescents,No Transitional Living,Dual Diagnosis,,M-F 8am-4pm,Medical,Required,,10/22/2017
Randolph County Day Reporting Center,http://www.randolphcountync.gov/portals/0/Images/banners/DRCAbanner.jpg?ver=2017-02-01-111650-543,145 Worth Street,,Asheboro,Randolph,NC,27203,http://www.randolphcountync.gov/Departments/Day-Reporting-Center,336-683-8211,unavailable,No Private Insurance,No Medicaid,No medicare,Uninsured,No Self-Pay,No Sliding Scale,No Methadone,No Suboxone ,No Residential,Outpatient,No Detox,Alcohol Treatment,DUI,No Family,Group,Individual,No Parents and Children,Pregnant,Adolescents,No Transitional Living,Dual Diagnosis,,M-TR 9am-8pm F 9am-5pm,No,Required; Court ordered only,Transportation assistance available,3/16/2018
Randolph Fellowship Home Inc Magnum House,https://chambermaster.blob.core.windows.net/images/customers/2231/members/5588/logos/MemLogoFull/RFH_Logo.png,841 East Pritchard Street,,Asheboro,Randolph,NC,27203,https://www.randolphrecovery.com/,336-629-6137,rfh@randolphrecovery.com,Private Insurance,Medicaid,No Medicare,Uninsured,Self-Pay,No Sliding Scale,No Methadone,No Suboxone,Residential,Outpatient,No Detox,No Alcohol Treatment,No DUI,No Family,Group,Individual,No Parents and Children,No Pregnant,Adolescents,Transitional Living,Dual Diagnosis,,24/7,No,Required,Males only treatment center,3/16/2018
Randolph Fellowship Home Inc Alpha House,https://chambermaster.blob.core.windows.net/images/customers/2231/members/5588/logos/MemLogoFull/RFH_Logo.png,373 Hill Street,,Asheboro,Randolph,NC,27203,https://www.randolphrecovery.com/,336-625-1637,rfh@randolphrecovery.com,Private Insurance,No Medicaid,No Medicare,Uninsured,Self-Pay,No Sliding Scale,No Methadone,No Suboxone,Residential,Outpatient,No Detox,No Alcohol Treatment,No DUI,No Family,Group,Individual,No Parents and Children,No Pregnant,Adolescents,Transitional Living,Dual Diagnosis,,24/7,No,Required,Females only treatment center,3/16/2018
Recovery Solutions,,213 North Main Street,,Troy,Montgomery,NC,27371,http://livingsolutionsofthecarolinas.com,910-571-0047,unavailable,Private Insurance,Medicaid Unknown,Medicare Unknown,Uninsured Unknown,Self-Pay,Sliding Scale,Methadone Unknown,Suboxone Unknown,Residential Unknown,Outpatient,Detox Unknown,Alcohol Treatment Unknown,DUI,Family Unknown,Group,Individual,Parents and Children Unknown,Pregnant Unknown,Adolescents,Transitional Living Unknown,Dual Diagnosis Unknown,,Unknown,Unknown,Unknown,,3/16/2018
Residential Treatment Services of Burlington,http://img.addicted.org/os/directory/companies/RESIDENTIAL-TREATMENT-SERVICES-OF-ALAMANCE-INC.jpg,136 Hall Avenue,,Burlington,Alamance,NC,27217,http://www.rtsalamance.org,336-227-7417,unavailable,Private Insurance,Medicaid,Medicaid,Uninsured,Self-Pay,Sliding Scale,No Methadone,No Suboxone,Residential,No Outpatient,Detox,Alcohol Treatment,DUI,No Family,Group,Individual,No Parents and Children,Pregnant,Adolescents,Transitional Living at Female Facility,Dual Diagnosis,Multiple facilities,24/7,No,Required,Call for initial phone assessment,3/16/2018
Ringer Center,https://s3-media4.fl.yelpcdn.com/bphoto/OUIrrJeHpQmv-BQHB509Pw/l.jpg,213 East Bessemer Avenue,,Greensboro,Guilford,NC,27401,http://www.ringercenter.com,336-379-7146,ringercenter@aol.com,Private Insurance,Medicaid,Medicare,Uninsured,Self-Pay,Sliding Scale,No Methadone,Suboxone,No Residential,Outpatient,Detox,Alcohol Treatment,DUI,Family ,Group,Individual,No Parents and Children,Pregnant,Adolescents,No Transitional Living,Dual Diagnosis,,MWF: 9am to 9pm T TR: 9am- 6pm Sat & Sun: Closed,Medical,Not required,,10/22/2017
Room at the Inn,http://www.ohenrymag.com/wp-content/uploads/2016/11/RoomAtTheInnftr.jpg,734 Park Avenue,,Greensboro,Guilford,NC,27405,http://www.roominn.org ,336-275-9566,info@roominn.org,Insurance Unknown,Medicaid Unknown,Medicare Unknown,Uninsured Unknown,Self-Pay Unknown,Sliding Scale Unknown,Methadone Unknown,Suboxone Unknown,Residential,Outpatient Unknown,Detox Unknown,Alcohol Treatment Unknown,DUI Unknown,Family Unknown,Group Unknown,Individual Unknown,Parents and Children Unknown,Pregnant,Adolescents Unknown,Transitional Living Unknown,Dual Diagnosis Unknown,"Program helping homeless, single, pregnant women during pregnancy and after birth",M-TR 9am-2pm,Unknown,Unknown,Not a treatment facility,3/16/2018
Sandhills Alternative Academy LLC,http://www.saltacademync.com/images/test-page_06.gif,121 Pine Needle Lane,,Hamlet,Richmond,NC,28345,http://www.saltacademync.com,910-417-4922,info@saltacademync.com,Private Insurance,Medicaid,No Medicare,Uninsured,Self-Pay,Sliding Scale,No Methadone,No Suboxone,No Residential,Outpatient,No Detox,No Alcohol Treatment,No DUI,Family,Group,Individual,No Parents and Children,Pregnant,Adolescents,No Transitional Living,Dual Diagnosis,,M-TR 8:30-6 F 8:30-12:30,No,Required,Children and adolescents only; Refferrals can be made by anyone; Medication Administration,3/16/2018
Sandhills Center,http://www.sandhillscenter.org/wp-content/themes/sandhills/images/logo.png,201 N Eugene Street,,Greensboro,Guilford,NC,27401,http://www.sandhillscenter.org/,800-256-2452,unavailable,Insurance Unknown,Medicaid Unknown,Medicare Unknown,Uninsured Unknown,Self-Pay Unknown,Sliding Scale Unknown,Methadone Unknown,Suboxone Unknown,Residential Unknown,Outpatient Unknown,Detox Unknown,Alcohol Treatment Unknown,DUI Unknown,Family Unknown,Group Unknown,Individual Unknown,Parents and Children Unknown,Pregnant Unknown,Adolescents Unknown,Transitional Living Unknown,Dual Diagnosis Unknown,,24/7,Unknown,Unknown,"Does not Provide services; Call to find providers who accept Medicaid Agent of the North Carolina Department of Health & Human Services Makes referrals to provider services Does not provide services directly Anson, Guilford, Harnett, Hoke, Lee, Montgomery, Moore, Randolph and Richmond counties",3/16/2018
Sharon DeEsch,https://www.bipinc.com/pilotFiles/propertyHeaderImages/thumbs/515%20College%20Road%20Building%20cropped2.jpg,515 College Rd,#18,Greensboro,Guilford,NC,27410,https://www.healthgrades.com/providers/sharon-deesch-yv3tq,336-299-2725,unavailable,Insurance Unknown,Medicaid Unknown,Medicare Unknown,Uninsured Unknown,Self-Pay Unknown,Sliding Scale Unknown,Methadone Unknown,Suboxone Unknown,Residential Unknown,Outpatient Unknown,Detox Unknown,Alcohol Treatment Unknown,DUI Unknown,Family Unknown,Group Unknown,Individual Unknown,Parents and Children Unknown,Pregnant Unknown,Adolescents Unknown,Transitional Living Unknown,Dual Diagnosis Unknown,,Unknown,Unknown,Unknown,Addiction Counseling,3/16/2018
Therapeutic Alternatives - Mobile Crisis,"https://static.wixstatic.com/media/75aa21_c8c5d020460a406f92f270a739de729c.png/v1/fill/w_470,h_63,al_c,usm_0.66_1.00_0.01/75aa21_c8c5d020460a406f92f270a739de729c.png",962 S. Fayetteville Street,,Asheboro,Randolph,NC,27203,https://www.mytahome.com/mobile-crisis,877-626-1772,courteney.schenck@mytahome.com,No Private Insurance,No Medicaid,No Medicare,No Uninsured,No Self-Pay,No Sliding Scale,No Methadone,No Suboxone,No Residential,Outpatient,No Detox,No Alcohol Treatment,DUI,No Family,No Group,No Individual,No Parents and Children,Pregnant,Adolescents,No Transitional Living,Dual Diagnosis,,24/7,No,Not required,Referral program; Mental Health assessment,3/16/2018
Triad Behavioral Resources,https://lh5.googleusercontent.com/p/AF1QipMaiKuDbTpyKE1iIq5xz5KlSl95LAkeF2X5tlc3=w314-h168-p-k-no,810 Warren Street,,Greensboro,Guilford,NC,27403,http://www.triadbehavioralresources.com,336-389-1413,unavailable,Private Insurance,Medicaid,Medicare,Uninsured,Self-Pay,No Sliding Scale,No Methadone,Suboxone,No Residential,Outpatient,No Detox,Alcohol Treatment,DUI,Family ,Group,Individual,No Parents and Children,Pregnant,No Adolescents,No Transitional Living,Dual Diagnosis,,M-TR 9am-7pm Fri 9am-5pm,No,Not required,Aftercare Program 24-48 Hour appointment turnaround from time of intake call Substance Abuse & Mental Health Treatment/Co-Occurring Disorders Medicaid clinics on Mondays and Fridays,10/22/2017
Triad Psychiatric & Counseling Center,http://images1.loopnet.com/i2/162r-uPe0zrYT5fnTnSuU4TuoTY7bDVFdN05fj0ccQY/110/image.jpg,603 Dolley Madison Road,Suite 100 ,Greensboro,Guilford,NC,27410,http://www.triadpsychiatricandcounseling.com,336-632-3505,unavailable,Private Insurance,Medicaid,Medicare Unknown,Uninsured Unknown,Self-Pay,Sliding Scale Unknown,Methadone,Suboxone,Residential Unknown,Outpatient,Detox Unknown,Alcohol Treatment Unknown,DUI Unknown,Family Unknown,Group Unknown,Individual,Parents and Children,Pregnant,Adolescents,Transitional Living Unknown,Dual Diagnosis Unknown,,M-F 8am-5pm,Unknown,Call ahead for appointment,New Patients-Call billing office 336-662-8185 to set up account.  After hours 877-875-8997,10/22/2017
Triad Therapy Mental Health Ctr LLC,http://triadtherapy.com/assets/logo.jpg,131 Davis Street,Suite B,Asheboro,Randolph,NC,27203,http://www.triadtherapy.com/,336-896-0904,info@triadtherapy.com,Private Insurance,Medicaid,No Medicare,Uninsured,Self-Pay,No Sliding Scale,No Methadone,Suboxone,No Residential,Outpatient,No Detox,No Alcohol Treatment,DUI,Family,Group,Individual,No Parents and Children,Pregnant,Adolescents,No Transitional Living,Dual Diagnosis,,8:30am-6:30pm,No,Not required,Medication administration,3/16/2018
Trinity Behavioral Health,,2716 Troxler Road,,Burlington,Alamance,NC,27215,http://www.trinitybehavioralhc.com/,336-570-0408,Ldeal@simrunpsychiatry.com,Private Insurance,Medicaid,Medicare,Uninsured,Self-Pay,Sliding Scale Unknown,Methadone,Suboxone Unknown,No Residential,Outpatient,Detox Unknown,Alcohol Treatment Unknown,DUI Unknown,Family,Group,Individual,No Parents and Children,Pregnant Unknown,Adolescents,Transitional Living Unknown,Dual Diagnosis Unknown,,M-F 9am-4pm,Unknown,Required,,3/16/2018
UNC at Chapel Hill- Alcohol and Substance Abuse Program,https://www.uncmedicalcenter.org/app/files/public/143/medical-center-logo.png,1101 Weaver Dairy Road ,Suite 102 & 103,Carrboro,Orange,NC,27516,https://www.uncmedicalcenter.org/uncmc/hospitals-locations/profile/?id=232,984-974-6320,britta.starke@unc.health.unc.edu,Private Insurance,Medicaid,Medicare,Uninsured,Self-Pay,No Sliding Scale,Methadone,Suboxone,No Residential,Outpatient,Detox,Alcohol Treatment,DUI,Family,Group,Individual,No Parents and Children,pregnant,Adolescents,No Transitional Living,Dual Diagnosis,,M-F 8:30am-5pm,Medical Onsite,Not required,Payment assistance available,3/16/2018
UNCG Spartan Recovery,https://shs.uncg.edu/wp-content/uploads/SRPHeaderImage.png,107 Gray Drive,,Greensboro,Guilford,NC,27412,http://www.shs.uncg.edu/services-srp,336-334-4559, recovery@uncg.edu ,Insurance Unknown,Medicaid Unknown,Medicare Unknown,Uninsured Unknown,Self-Pay Unknown,Sliding Scale Unknown,Methadone Unknown,Suboxone Unknown,Residential Unknown,Outpatient Unknown,Detox Unknown,Alcohol Treatment Unknown,DUI unknown,Family Unknown,Group Unknown,Individual Unknown,Parents and Children Unknown,Pregnant Unknown,Adolescents Unknown,Transitional Living Unknown,Dual Diagnosis Unknown,,Unknown,Unknown,Unknown,Peer support ONLY for students (and future students) and collegiate recovery community,3/16/2018
Wesley Long Hospital ,https://s3-media3.fl.yelpcdn.com/bphoto/XOLKjzft7cTCv5l5jlCZ3g/l.jpg,2400 W Friendly Ave,,Greensboro,Guilford,NC,27403,https://www.conehealth.com/locations/wesley-long-hospital/,336-832-9615,unavailable,Private Insurance,Medicaid,Medicare,Uninsured,Self-Pay,Sliding Scale Unknown,Methadone Unknown,Suboxone Unknown,Residential,Outpatient,Deox,Alcohol Treatment Unknown,DUI Unknown,Family,Group,Individual,Parents and Children Unknown,Pregnant Unknown,Adolescents,Transitional Living Unknown,Dual Diagnosis Unknown,,Unknown,Unknown,Unknown,,3/16/2018
Wilmington Treatment Center,https://www.wilmingtontreatment.com/wp-content/uploads/sites/15/2017/07/wilmington_logo_M.png,3801 Lake Boone Trail,Suite 200,Raleigh,Wake,NC,27607,http://www.wilmingtontreatment.com,910-758-2023,unavailable,Private Insurance,Medicaid,Medicare,Uninsured Unknown,Self-Pay,Sliding Scale Unknown,No Methadone,Suboxone,Residential,Outpatient,Detox,Alcohol Treatment,DUI Unknown,Family Unknown,Group,Individual,Parents and Children Unknown,Pregnant,No Adolescents,Transitional Living Unknown,Dual Diagnosis Unknown,,Unknown,Unknown,Unknown,Same week appointments,10/22/2017
